RegionID,RegionName,SizeRank,2014-01,2014-02,2014-03,2014-04,2014-05,2014-06,2014-07,2014-08,2014-09,2014-10,2014-11,2014-12,2015-01,2015-02,2015-03,2015-04,2015-05,2015-06,2015-07,2015-08,2015-09,2015-10,2015-11,2015-12,2016-01,2016-02,2016-03,2016-04,2016-05,2016-06,2016-07,2016-08,2016-09,2016-10,2016-11,2016-12,2017-01,2017-02,2017-03,2017-04,2017-05,2017-06,2017-07,2017-08,2017-09,2017-10,2017-11,2017-12,2018-01,2018-02,2018-03,2018-04,2018-05,2018-06,2018-07,2018-08,2018-09,2018-10,2018-11,2018-12,2019-01,2019-02,2019-03,2019-04,2019-05,2019-06,2019-07,2019-08,2019-09,2019-10,2019-11,2019-12,2020-01,2020-02,2020-03,2020-04,2020-05,2020-06,2020-07,2020-08,2020-09,2020-10,2020-11,2020-12,2021-01,2021-02,2021-03,2021-04,2021-05,2021-06,2021-07,2021-08,2021-09,2021-10,2021-11,2021-12,2022-01,2022-02,2022-03,2022-04,2022-05
102001,United States,0,1279,1290,1291,1297,1310,1320,1330,1335,1336,1336,1336,1336,1341,1348,1356,1368,1377,1386,1391,1396,1397,1398,1399,1399,1404,1411,1420,1428,1437,1444,1446,1450,1449,1448,1448,1447,1451,1458,1465,1475,1484,1491,1497,1498,1498,1497,1496,1497,1501,1507,1516,1525,1534,1543,1549,1553,1553,1553,1554,1555,1559,1565,1574,1584,1595,1604,1609,1611,1611,1609,1608,1610,1615,1624,1630,1623,1619,1622,1624,1621,1618,1617,1620,1623,1627,1635,1652,1677,1708,1741,1777,1811,1835,1852,1870,1886,1892,1917,1933,1955,1979
394913,"New York, NY",1,2297,2326,2333,2339,2372,2391,2409,2417,2420,2418,2422,2414,2424,2438,2454,2484,2495,2508,2515,2524,2532,2533,2527,2524,2526,2534,2537,2554,2568,2581,2569,2579,2585,2579,2577,2569,2566,2570,2582,2597,2614,2621,2630,2627,2635,2624,2605,2606,2600,2601,2611,2625,2640,2654,2667,2673,2673,2665,2656,2654,2652,2661,2678,2688,2714,2733,2741,2742,2734,2728,2715,2701,2709,2729,2735,2720,2702,2684,2652,2594,2538,2499,2478,2469,2470,2476,2499,2536,2584,2636,2699,2746,2786,2815,2840,2872,2905,2958,3008,3061,3121
753899,"Los Angeles-Long Beach-Anaheim, CA",2,1811,1840,1828,1836,1860,1879,1897,1913,1922,1927,1926,1930,1944,1952,1969,1983,1993,2006,2022,2034,2043,2051,2060,2065,2077,2094,2106,2113,2132,2146,2150,2162,2168,2174,2175,2181,2193,2205,2217,2232,2247,2254,2269,2275,2280,2282,2286,2285,2296,2305,2313,2325,2335,2349,2357,2369,2375,2380,2387,2392,2396,2401,2408,2420,2429,2439,2450,2457,2462,2462,2466,2474,2479,2484,2483,2458,2442,2439,2439,2431,2434,2441,2445,2441,2440,2449,2464,2486,2517,2559,2606,2662,2698,2725,2749,2772,2791,2825,2854,2891,2922
394463,"Chicago, IL",3,1475,1487,1489,1494,1510,1524,1533,1536,1530,1526,1524,1523,1526,1531,1520,1544,1558,1573,1581,1588,1582,1574,1565,1564,1573,1582,1592,1605,1617,1627,1633,1634,1625,1612,1604,1599,1599,1615,1628,1641,1654,1661,1664,1661,1653,1644,1637,1638,1641,1649,1661,1671,1683,1693,1695,1693,1686,1675,1672,1669,1677,1685,1698,1713,1725,1735,1741,1739,1735,1727,1717,1716,1724,1734,1744,1741,1741,1740,1735,1723,1705,1684,1671,1664,1664,1669,1689,1722,1753,1778,1798,1817,1822,1827,1832,1846,1860,1874,1898,1922,1945
394514,"Dallas-Fort Worth, TX",4,1100,1126,1131,1147,1142,1145,1150,1153,1156,1154,1150,1153,1157,1162,1175,1184,1194,1201,1206,1212,1208,1207,1206,1207,1212,1217,1231,1242,1252,1260,1266,1268,1269,1269,1271,1271,1274,1279,1289,1294,1306,1314,1318,1322,1321,1323,1320,1320,1324,1331,1335,1343,1346,1355,1360,1364,1361,1365,1368,1366,1369,1378,1382,1392,1401,1411,1415,1414,1416,1414,1411,1410,1413,1420,1426,1420,1417,1422,1425,1426,1429,1434,1437,1440,1444,1453,1467,1492,1522,1561,1602,1639,1663,1676,1694,1704,1713,1729,1738,1764,1791
394974,"Philadelphia, PA",5,1358,1324,1345,1348,1357,1369,1374,1379,1382,1376,1373,1360,1365,1368,1380,1391,1403,1410,1412,1412,1411,1407,1408,1406,1411,1417,1427,1436,1445,1450,1457,1450,1448,1445,1447,1446,1448,1453,1463,1470,1477,1479,1482,1482,1479,1480,1484,1484,1481,1487,1498,1508,1518,1522,1524,1526,1527,1528,1527,1530,1536,1542,1550,1558,1565,1576,1579,1579,1577,1580,1579,1579,1581,1594,1599,1593,1596,1598,1598,1601,1602,1601,1603,1609,1608,1609,1620,1638,1660,1681,1701,1732,1745,1761,1776,1798,1794,1805,1818,1831,1846
394692,"Houston, TX",6,1156,1184,1173,1181,1206,1219,1233,1241,1241,1245,1241,1239,1243,1247,1252,1264,1270,1278,1282,1284,1281,1277,1277,1276,1275,1280,1287,1287,1287,1290,1288,1284,1281,1279,1272,1268,1267,1270,1277,1280,1286,1289,1288,1289,1294,1304,1310,1315,1316,1320,1325,1331,1334,1338,1342,1339,1338,1338,1341,1336,1336,1337,1343,1349,1356,1362,1365,1363,1360,1360,1357,1361,1363,1365,1370,1362,1354,1352,1351,1351,1354,1359,1364,1364,1363,1360,1369,1385,1410,1442,1473,1495,1501,1514,1522,1532,1531,1541,1552,1564,1575
395209,"Washington, DC",7,1771,1812,1799,1799,1811,1825,1835,1840,1842,1830,1822,1811,1816,1824,1825,1839,1845,1854,1858,1856,1852,1855,1849,1851,1852,1859,1868,1876,1884,1894,1877,1887,1885,1881,1876,1874,1881,1887,1893,1909,1918,1924,1925,1927,1924,1914,1903,1902,1903,1910,1916,1932,1943,1956,1964,1968,1962,1957,1956,1955,1962,1971,1979,1992,2004,2014,2020,2022,2022,2015,2008,2005,2011,2018,2025,2017,2007,2006,2001,1990,1974,1958,1940,1931,1931,1933,1943,1967,2000,2039,2077,2114,2131,2147,2154,2160,2164,2175,2188,2212,2231
394856,"Miami-Fort Lauderdale, FL",8,1597,1601,1604,1604,1617,1625,1642,1648,1661,1667,1676,1680,1684,1697,1700,1703,1715,1727,1730,1744,1755,1765,1775,1780,1784,1791,1796,1793,1798,1798,1800,1805,1808,1809,1816,1814,1820,1823,1826,1826,1827,1832,1838,1845,1850,1859,1860,1862,1867,1868,1871,1873,1876,1884,1889,1897,1905,1912,1917,1920,1919,1921,1927,1929,1929,1932,1939,1943,1950,1959,1969,1978,1980,1986,1985,1976,1964,1961,1964,1969,1974,1987,2004,2020,2044,2065,2093,2136,2184,2244,2318,2392,2446,2500,2569,2641,2670,2725,2776,2819,2862
394347,"Atlanta, GA",9,1065,1076,1076,1084,1090,1097,1102,1106,1104,1105,1108,1110,1112,1118,1126,1135,1147,1158,1165,1166,1163,1164,1165,1167,1172,1180,1194,1203,1213,1224,1232,1235,1238,1242,1241,1240,1244,1250,1259,1268,1281,1291,1302,1307,1311,1309,1308,1310,1316,1323,1334,1343,1357,1365,1373,1379,1384,1388,1392,1395,1405,1409,1420,1430,1440,1450,1456,1460,1465,1462,1460,1462,1467,1475,1482,1477,1477,1484,1494,1507,1517,1528,1535,1547,1559,1576,1597,1627,1660,1706,1758,1816,1849,1873,1883,1882,1888,1901,1911,1918,1938
394404,"Boston, MA",10,2085,2102,2104,2099,2116,2135,2150,2159,2153,2145,2128,2113,2125,2148,2171,2185,2206,2223,2226,2221,2216,2209,2197,2197,2224,2249,2265,2280,2300,2313,2313,2317,2305,2291,2274,2281,2310,2332,2342,2361,2373,2383,2390,2386,2374,2349,2348,2352,2374,2390,2406,2423,2438,2452,2456,2450,2430,2424,2420,2430,2450,2461,2479,2499,2518,2535,2534,2532,2516,2500,2495,2502,2521,2541,2555,2545,2536,2528,2513,2470,2412,2363,2336,2333,2349,2375,2407,2445,2486,2529,2565,2588,2618,2639,2666,2663,2673,2677,2700,2744,2788
395057,"San Francisco, CA",11,2169,2095,2158,2188,2251,2323,2348,2392,2434,2460,2463,2475,2497,2525,2556,2578,2620,2666,2680,2708,2724,2733,2733,2740,2748,2762,2775,2793,2811,2834,2829,2842,2827,2813,2803,2788,2791,2810,2821,2836,2864,2889,2904,2911,2911,2902,2889,2891,2900,2904,2918,2931,2957,2972,2987,3000,3003,3000,2999,2999,3001,3012,3026,3039,3054,3079,3093,3094,3088,3074,3072,3072,3087,3101,3098,3082,3067,3042,3011,2946,2888,2846,2829,2801,2804,2808,2844,2874,2915,2972,3029,3058,3069,3079,3076,3097,3106,3127,3160,3184,3214
394532,"Detroit, MI",12,935,940,945,947,954,959,966,968,968,966,966,965,965,970,977,979,985,992,995,998,1001,991,993,994,999,1001,1007,1013,1017,1024,1030,1039,1033,1033,1028,1026,1029,1033,1039,1048,1056,1065,1070,1074,1074,1072,1073,1072,1073,1079,1085,1087,1099,1105,1110,1114,1113,1112,1113,1112,1114,1115,1121,1130,1137,1145,1150,1155,1151,1150,1152,1152,1144,1150,1155,1159,1160,1169,1182,1188,1198,1213,1214,1223,1229,1237,1248,1264,1278,1295,1313,1329,1334,1346,1353,1361,1358,1370,1380,1406,1423
395025,"Riverside, CA",13,1442,1451,1450,1449,1456,1463,1477,1477,1482,1485,1490,1499,1502,1510,1515,1527,1531,1536,1541,1549,1558,1562,1569,1572,1575,1583,1588,1595,1603,1615,1620,1624,1637,1636,1643,1644,1656,1659,1673,1689,1700,1709,1717,1726,1730,1738,1744,1740,1746,1759,1771,1784,1788,1802,1814,1824,1834,1840,1838,1848,1849,1857,1862,1870,1876,1882,1899,1909,1912,1918,1922,1924,1930,1940,1941,1933,1929,1947,1969,1999,2036,2066,2087,2100,2131,2143,2184,2221,2255,2306,2365,2417,2449,2454,2462,2483,2518,2546,2581,2604,2613
394976,"Phoenix, AZ",14,956,970,965,967,975,982,984,988,991,991,993,995,998,1015,1019,1029,1037,1042,1043,1046,1051,1051,1055,1058,1065,1070,1078,1088,1096,1103,1106,1107,1109,1110,1113,1115,1119,1127,1136,1145,1154,1160,1165,1168,1172,1175,1174,1176,1183,1188,1203,1218,1226,1234,1242,1250,1254,1260,1266,1272,1275,1286,1297,1312,1324,1334,1343,1352,1353,1358,1364,1378,1384,1397,1400,1394,1394,1401,1413,1430,1446,1461,1478,1486,1501,1515,1541,1577,1626,1681,1740,1789,1821,1846,1872,1878,1889,1900,1912,1925,1937
395078,"Seattle, WA",15,1352,1378,1369,1388,1415,1431,1443,1457,1463,1460,1458,1462,1470,1484,1498,1509,1523,1540,1551,1564,1568,1573,1567,1564,1574,1584,1607,1625,1653,1670,1667,1686,1688,1691,1683,1683,1691,1701,1725,1747,1769,1786,1797,1801,1796,1785,1771,1764,1768,1779,1794,1813,1830,1841,1850,1851,1845,1840,1834,1835,1838,1848,1864,1883,1901,1920,1930,1936,1927,1923,1918,1923,1939,1957,1970,1959,1948,1946,1944,1934,1910,1883,1855,1835,1844,1854,1877,1918,1961,2013,2065,2109,2141,2151,2157,2160,2162,2184,2204,2230,2265
394865,"Minneapolis-St Paul, MN",16,1181,1198,1196,1200,1205,1218,1226,1237,1234,1229,1213,1211,1212,1222,1235,1246,1257,1266,1272,1270,1267,1264,1266,1266,1268,1279,1290,1298,1311,1317,1321,1322,1322,1323,1323,1316,1330,1341,1351,1360,1367,1375,1379,1382,1380,1373,1381,1380,1391,1395,1405,1416,1424,1436,1440,1440,1436,1437,1438,1438,1445,1453,1469,1479,1489,1501,1501,1488,1494,1492,1498,1496,1503,1514,1522,1523,1520,1522,1520,1522,1518,1527,1520,1517,1514,1510,1524,1539,1556,1571,1584,1594,1607,1606,1601,1605,1608,1624,1633,1642,1657
395056,"San Diego, CA",17,1737,1718,1731,1739,1763,1779,1787,1796,1804,1807,1816,1815,1830,1851,1862,1872,1882,1893,1902,1912,1919,1918,1929,1928,1935,1946,1962,1981,1997,2015,2015,2021,2030,2027,2030,2031,2035,2053,2069,2078,2099,2113,2123,2134,2132,2134,2126,2129,2143,2158,2168,2177,2199,2214,2222,2236,2238,2236,2239,2234,2237,2244,2253,2265,2280,2286,2301,2313,2312,2317,2316,2316,2319,2327,2327,2311,2311,2322,2330,2337,2349,2356,2376,2390,2394,2401,2422,2460,2506,2548,2610,2668,2709,2747,2775,2803,2805,2849,2897,2956,2999
395121,"St. Louis, MO",18,917,896,908,917,927,932,938,940,938,942,933,935,934,940,951,951,955,961,958,963,962,962,961,962,961,967,969,974,980,982,986,986,982,984,983,979,982,984,990,996,998,1002,1004,1005,1005,1007,1003,1002,1005,1006,1009,1018,1024,1021,1028,1029,1031,1028,1027,1029,1030,1035,1044,1053,1053,1067,1064,1064,1065,1063,1062,1061,1066,1071,1083,1083,1085,1086,1091,1097,1102,1107,1105,1103,1106,1112,1121,1137,1151,1160,1178,1186,1201,1205,1216,1223,1220,1234,1251,1264,1281
395148,"Tampa, FL",19,1099,1108,1110,1110,1119,1122,1129,1132,1135,1136,1139,1143,1148,1154,1158,1163,1169,1178,1184,1189,1191,1197,1204,1206,1209,1215,1224,1232,1236,1243,1244,1249,1253,1256,1261,1261,1267,1271,1278,1287,1293,1301,1305,1310,1306,1312,1318,1321,1326,1335,1344,1355,1361,1368,1375,1378,1380,1383,1390,1390,1393,1398,1407,1414,1424,1428,1433,1441,1444,1448,1448,1454,1462,1466,1473,1468,1463,1474,1482,1495,1509,1523,1536,1544,1553,1573,1588,1620,1669,1727,1794,1867,1911,1944,1971,1988,1992,2019,2041,2059,2089
394358,"Baltimore, MD",20,1385,1411,1411,1423,1432,1442,1454,1456,1455,1454,1454,1453,1445,1447,1446,1454,1459,1470,1478,1479,1474,1471,1469,1476,1471,1469,1476,1482,1486,1493,1492,1486,1480,1475,1470,1464,1464,1473,1474,1481,1499,1500,1502,1499,1492,1491,1488,1480,1479,1482,1491,1501,1510,1509,1512,1514,1509,1508,1507,1507,1510,1523,1530,1534,1541,1546,1550,1548,1546,1537,1537,1542,1547,1549,1545,1534,1533,1536,1543,1542,1548,1550,1556,1568,1568,1579,1593,1620,1646,1669,1702,1725,1737,1728,1747,1759,1762,1771,1782,1800,1808
394530,"Denver, CO",21,1202,1161,1187,1212,1236,1271,1288,1303,1314,1324,1335,1337,1341,1358,1372,1390,1404,1419,1426,1434,1435,1438,1431,1442,1446,1456,1457,1467,1486,1493,1499,1500,1501,1487,1481,1478,1482,1489,1505,1516,1533,1545,1552,1553,1547,1541,1534,1534,1541,1549,1558,1570,1581,1596,1605,1608,1604,1599,1599,1601,1603,1613,1622,1633,1647,1663,1665,1666,1658,1655,1651,1649,1651,1664,1670,1653,1649,1650,1655,1653,1651,1649,1646,1644,1651,1656,1673,1705,1741,1781,1823,1857,1874,1878,1882,1891,1902,1918,1940,1965,1988
394982,"Pittsburgh, PA",22,967,1021,1010,1035,1041,1056,1062,1086,1078,1060,1062,1067,1050,1060,1065,1069,1079,1082,1089,1094,1079,1069,1077,1065,1073,1090,1098,1102,1103,1102,1102,1095,1084,1084,1081,1083,1085,1099,1106,1114,1115,1117,1118,1113,1105,1104,1108,1107,1116,1124,1132,1136,1143,1147,1153,1152,1144,1145,1150,1153,1153,1160,1169,1174,1176,1182,1184,1186,1190,1192,1196,1203,1203,1206,1207,1207,1211,1214,1212,1211,1206,1214,1217,1216,1217,1226,1232,1246,1256,1271,1276,1295,1310,1312,1322,1315,1316,1329,1344,1349,1361
394998,"Portland, OR",23,1117,1141,1144,1147,1166,1185,1200,1211,1219,1224,1222,1227,1234,1239,1252,1268,1285,1306,1325,1344,1350,1354,1350,1350,1352,1363,1375,1392,1409,1422,1431,1431,1432,1424,1420,1417,1422,1430,1440,1453,1466,1473,1479,1484,1481,1471,1464,1456,1460,1466,1475,1484,1500,1510,1520,1525,1523,1517,1516,1515,1514,1524,1531,1539,1553,1559,1570,1577,1578,1575,1574,1575,1572,1580,1581,1571,1569,1577,1584,1592,1595,1589,1588,1584,1597,1597,1612,1637,1665,1696,1728,1757,1778,1783,1788,1793,1798,1811,1826,1847,1873
394458,"Charlotte, NC",24,1047,1051,1052,1058,1070,1079,1086,1091,1089,1089,1086,1090,1092,1094,1096,1110,1124,1133,1140,1147,1146,1144,1146,1146,1151,1162,1170,1174,1182,1189,1196,1201,1203,1207,1206,1202,1211,1211,1219,1232,1243,1250,1258,1259,1260,1258,1261,1256,1257,1263,1270,1283,1293,1302,1307,1312,1311,1310,1318,1326,1326,1334,1341,1350,1364,1370,1376,1376,1382,1385,1380,1381,1388,1391,1399,1385,1381,1389,1396,1398,1404,1409,1417,1420,1429,1439,1457,1486,1512,1549,1584,1624,1653,1669,1685,1702,1709,1718,1726,1748,1779
395045,"Sacramento, CA",25,1257,1282,1275,1275,1286,1294,1309,1309,1314,1322,1318,1317,1327,1330,1344,1357,1368,1377,1387,1401,1413,1415,1407,1418,1428,1432,1444,1464,1483,1497,1507,1518,1511,1517,1527,1537,1542,1556,1573,1585,1605,1620,1626,1640,1649,1654,1651,1653,1655,1663,1674,1687,1707,1722,1728,1739,1734,1736,1742,1747,1751,1763,1777,1784,1795,1807,1815,1817,1824,1823,1825,1818,1824,1840,1843,1843,1840,1858,1876,1894,1914,1930,1943,1952,1966,1978,1991,2015,2072,2100,2152,2171,2184,2198,2212,2202,2201,2221,2244,2261,2281
395055,"San Antonio, TX",26,976,989,986,995,1002,1007,1007,1013,1015,1017,1013,1002,1010,1020,1028,1037,1045,1051,1053,1056,1051,1056,1058,1062,1057,1061,1072,1077,1083,1085,1084,1090,1091,1091,1095,1094,1094,1101,1107,1112,1116,1121,1126,1124,1122,1122,1120,1120,1120,1123,1132,1136,1142,1149,1152,1158,1158,1160,1162,1160,1162,1165,1170,1174,1183,1188,1194,1200,1204,1205,1199,1200,1201,1203,1204,1201,1200,1201,1208,1216,1218,1219,1223,1225,1228,1230,1242,1259,1279,1303,1337,1376,1397,1402,1406,1420,1420,1430,1440,1454,1469
394943,"Orlando, FL",27,1137,1149,1149,1153,1162,1173,1195,1190,1189,1185,1181,1185,1188,1195,1200,1211,1224,1227,1238,1243,1247,1251,1249,1252,1258,1260,1265,1276,1290,1297,1305,1309,1309,1311,1307,1307,1316,1325,1324,1338,1352,1361,1369,1373,1363,1375,1380,1391,1397,1406,1417,1426,1435,1448,1455,1461,1462,1465,1467,1467,1473,1476,1484,1492,1504,1512,1518,1519,1522,1525,1521,1525,1527,1532,1537,1527,1523,1527,1533,1532,1535,1534,1536,1544,1555,1565,1583,1616,1649,1694,1750,1805,1842,1877,1909,1919,1927,1947,1979,2003,2040
394466,"Cincinnati, OH",28,,922,934,934,954,955,962,967,968,963,956,956,957,962,979,980,981,990,996,1003,1002,1002,1004,1003,1008,1009,1018,1018,1025,1025,1028,1033,1033,1031,1035,1043,1045,1052,1055,1062,1067,1070,1071,1071,1075,1073,1076,1078,1082,1085,1093,1100,1110,1110,1113,1116,1121,1131,1130,1136,1137,1141,1153,1158,1172,1173,1180,1182,1184,1182,1192,1189,1199,1208,1208,1211,1214,1217,1225,1227,1232,1238,1247,1253,1255,1261,1275,1290,1300,1317,1332,1334,1351,1366,1374,1381,1379,1395,1413,1436,1455
394475,"Cleveland, OH",29,971,970,967,975,979,991,999,985,987,993,995,995,1000,1006,1014,1020,1028,1052,1041,1033,1030,1034,1038,1026,1034,1045,1048,1052,1062,1080,1117,1104,1074,1058,1051,1049,1045,1050,1051,1061,1064,1067,1070,1069,1074,1071,1070,1064,1068,1072,1078,1084,1095,1093,1097,1101,1101,1104,1103,1104,1108,1116,1122,1128,1134,1132,1136,1130,1129,1129,1133,1137,1138,1145,1145,1157,1159,1160,1160,1177,1175,1174,1176,1185,1186,1200,1213,1214,1234,1249,1267,1276,1290,1290,1296,1307,1299,1325,1334,1353,1370
394735,"Kansas City, MO",30,887,874,885,899,903,918,937,934,929,922,919,917,922,919,933,939,940,954,955,964,955,956,957,957,960,964,970,977,980,985,987,992,994,995,996,997,998,1002,1004,1012,1019,1021,1026,1030,1028,1031,1033,1035,1031,1034,1041,1048,1055,1060,1061,1066,1069,1063,1064,1062,1066,1074,1080,1088,1095,1103,1107,1108,1108,1102,1102,1111,1109,1118,1126,1129,1133,1141,1150,1153,1169,1165,1163,1165,1166,1167,1179,1196,1214,1231,1247,1255,1247,1264,1275,1284,1285,1299,1310,1330,1347
394775,"Las Vegas, NV",31,1003,1006,1005,1007,1014,1022,1026,1028,1028,1029,1029,1027,1027,1032,1037,1044,1050,1059,1063,1068,1071,1070,1071,1073,1075,1079,1087,1093,1103,1111,1114,1117,1119,1119,1122,1119,1122,1129,1138,1147,1157,1165,1174,1178,1184,1184,1186,1190,1191,1202,1211,1223,1236,1245,1253,1261,1263,1265,1272,1272,1278,1286,1297,1308,1320,1330,1338,1342,1342,1340,1338,1340,1344,1352,1355,1340,1339,1349,1366,1384,1398,1413,1425,1429,1441,1457,1473,1506,1555,1614,1675,1730,1759,1777,1786,1790,1802,1800,1812,1829,1847
394492,"Columbus, OH",32,922,952,931,926,937,941,938,944,949,962,960,957,948,950,959,966,981,987,989,994,994,1000,1008,999,1001,1001,1007,1014,1023,1031,1030,1024,1023,1026,1025,1034,1031,1037,1050,1054,1062,1068,1070,1073,1073,1075,1079,1084,1083,1090,1101,1110,1116,1122,1126,1123,1127,1127,1130,1131,1139,1146,1153,1156,1157,1160,1165,1166,1176,1176,1176,1177,1185,1189,1190,1196,1200,1209,1215,1222,1223,1236,1244,1246,1244,1243,1256,1264,1282,1297,1321,1338,1340,1354,1365,1382,1375,1385,1391,1420,1440
394705,"Indianapolis, IN",33,978,974,979,983,997,1002,1002,1006,1004,1008,1000,995,991,998,1010,1017,1018,1020,1023,1026,1030,1031,1035,1034,1031,1032,1038,1049,1056,1059,1067,1064,1061,1057,1052,1050,1054,1061,1066,1074,1081,1086,1088,1088,1092,1095,1096,1094,1102,1102,1109,1115,1121,1127,1131,1134,1134,1134,1135,1133,1138,1144,1155,1166,1173,1182,1186,1182,1190,1188,1181,1180,1187,1197,1204,1204,1216,1231,1239,1250,1255,1259,1255,1265,1274,1287,1293,1304,1326,1354,1380,1403,1418,1423,1424,1424,1430,1447,1463,1484,1501
395059,"San Jose, CA",34,,2186,2209,2216,2306,2421,2463,2503,2537,2534,2536,2543,2568,2605,2619,2650,2684,2743,2778,2819,2798,2818,2804,2806,2809,2828,2825,2840,2860,2869,2889,2870,2857,2825,2805,2799,2820,2827,2837,2862,2888,2913,2933,2925,2932,2916,2898,2894,2912,2931,2951,2968,2994,3028,3044,3047,3043,3036,3021,3004,3017,3036,3059,3070,3086,3107,3122,3130,3117,3100,3089,3093,3105,3128,3136,3109,3087,3062,3029,2987,2954,2899,2873,2854,2845,2851,2872,2890,2939,2988,3039,3088,3103,3097,3105,3118,3146,3184,3209,3255,3295
394355,"Austin, TX",35,1179,1187,1184,1197,1213,1222,1239,1243,1245,1239,1237,1239,1247,1251,1264,1270,1281,1287,1295,1299,1298,1295,1299,1303,1305,1309,1318,1323,1330,1338,1341,1335,1333,1329,1326,1325,1326,1333,1343,1350,1355,1365,1366,1359,1348,1345,1344,1342,1338,1348,1356,1365,1377,1392,1399,1403,1405,1404,1409,1406,1408,1417,1425,1433,1443,1454,1462,1466,1464,1465,1465,1463,1466,1474,1481,1468,1456,1453,1455,1450,1440,1435,1438,1440,1456,1470,1494,1531,1575,1630,1695,1746,1770,1785,1786,1799,1791,1805,1819,1843,1869
395194,"Virginia Beach, VA",36,1154,1171,1168,1170,1176,1180,1185,1183,1182,1180,1181,1184,1183,1184,1188,1194,1194,1199,1201,1201,1198,1197,1194,1195,1200,1206,1206,1210,1213,1213,1214,1212,1207,1207,1203,1205,1213,1218,1223,1231,1231,1230,1234,1235,1235,1233,1230,1227,1228,1235,1246,1252,1252,1252,1256,1259,1255,1255,1259,1259,1263,1271,1277,1281,1290,1294,1294,1298,1296,1296,1300,1302,1300,1305,1307,1304,1304,1309,1326,1340,1348,1356,1362,1371,1375,1383,1397,1417,1448,1475,1512,1534,1563,1576,1571,1571,1557,1566,1579,1592,1607
394902,"Nashville, TN",37,1076,1090,1090,1118,1125,1139,1150,1154,1157,1165,1167,1164,1164,1175,1189,1199,1207,1221,1226,1230,1228,1232,1229,1235,1244,1248,1265,1268,1281,1290,1299,1308,1300,1296,1287,1292,1296,1297,1310,1320,1336,1339,1343,1354,1351,1339,1331,1328,1334,1335,1347,1359,1368,1382,1383,1381,1378,1377,1373,1375,1381,1390,1398,1408,1422,1431,1440,1439,1438,1435,1440,1445,1451,1455,1463,1464,1464,1465,1470,1471,1463,1461,1460,1463,1474,1475,1495,1523,1554,1591,1632,1682,1701,1720,1735,1747,1765,1789,1803,1816,1840
395005,"Providence, RI",38,1090,1173,1165,1155,1154,1170,1174,1161,1137,1148,1139,1140,1148,1182,1195,1199,1216,1209,1213,1206,1191,1200,1214,1215,1230,1240,1241,1257,1260,1252,1269,1272,1253,1255,1253,1266,1275,1298,1315,1319,1322,1325,1313,1310,1264,1289,1307,1315,1343,1349,1361,1376,1380,1387,1384,1374,1374,1367,1379,1388,1395,1412,1426,1445,1453,1453,1444,1437,1434,1448,1444,1438,1453,1469,1489,1493,1482,1493,1519,1516,1516,1532,1563,1571,1573,1591,1604,1645,1688,1692,1721,1734,1736,1741,1750,1774,1798,1815,1846,1891,1946
394862,"Milwaukee, WI",39,,904,940,921,922,932,939,945,944,939,940,946,953,940,945,959,960,962,960,966,962,965,959,954,954,959,964,977,974,980,982,977,973,974,972,976,974,975,980,985,996,998,996,995,992,988,985,991,995,997,1000,1008,1014,1019,1015,1015,1013,1013,1012,1014,1018,1025,1030,1036,1041,1040,1043,1040,1043,1043,1044,1047,1046,1050,1055,1059,1057,1062,1065,1067,1067,1075,1070,1069,1073,1081,1085,1096,1103,1115,1121,1140,1145,1148,1147,1147,1159,1162,1168,1175,1186
394714,"Jacksonville, FL",40,1059,1050,1058,1073,1070,1073,1075,1077,1078,1079,1078,1076,1082,1078,1078,1086,1096,1105,1111,1114,1112,1113,1112,1114,1118,1127,1130,1136,1140,1147,1148,1154,1154,1148,1152,1149,1154,1158,1167,1175,1183,1191,1197,1203,1186,1193,1200,1204,1212,1216,1224,1234,1243,1253,1260,1263,1264,1264,1266,1272,1268,1273,1280,1288,1295,1303,1309,1314,1317,1312,1313,1313,1318,1323,1328,1326,1327,1333,1341,1359,1367,1375,1377,1381,1394,1410,1429,1459,1492,1538,1590,1634,1670,1683,1705,1722,1722,1736,1742,1762,1778
394849,"Memphis, TN",41,982,972,984,986,992,997,1000,1001,998,1002,1002,1007,1008,1007,1005,1007,1011,1013,1015,1018,1018,1015,1019,1018,1019,1026,1028,1031,1031,1038,1039,1037,1040,1042,1039,1041,1041,1041,1044,1050,1053,1052,1060,1062,1064,1062,1062,1061,1068,1069,1073,1082,1086,1095,1100,1102,1100,1101,1104,1108,1110,1117,1124,1131,1135,1140,1146,1148,1150,1146,1146,1151,1159,1171,1182,1188,1189,1206,1217,1238,1250,1257,1272,1267,1281,1288,1302,1328,1364,1385,1401,1428,1437,1460,1465,1476,1481,1493,1509,1521,1536
394935,"Oklahoma City, OK",42,973,989,989,1001,1009,1016,1023,1023,1014,1013,1014,1023,1026,1024,1029,1032,1049,1052,1052,1048,1037,1025,1018,1026,1030,1037,1039,1043,1045,1049,1044,1043,1033,1025,1020,1024,1018,1027,1037,1039,1044,1050,1052,1053,1047,1043,1034,1034,1044,1045,1054,1060,1062,1070,1071,1070,1070,1071,1070,1070,1070,1079,1081,1089,1127,1117,1108,1106,1104,1102,1101,1099,1103,1104,1112,1114,1120,1119,1123,1126,1130,1137,1142,1140,1142,1144,1157,1172,1193,1220,1240,1259,1264,1268,1273,1275,1281,1289,1302,1319,1335
394807,"Louisville-Jefferson County, KY",43,854,868,866,865,881,885,895,897,896,898,893,895,893,907,904,929,918,918,926,924,926,914,918,921,927,926,934,942,951,962,962,966,961,962,962,968,970,984,988,991,996,1002,1004,1004,1003,995,992,1001,1003,1012,1017,1019,1024,1027,1025,1031,1032,1031,1032,1030,1036,1039,1044,1057,1061,1064,1062,1058,1066,1061,1057,1058,1067,1073,1080,1079,1082,1094,1099,1099,1106,1110,1112,1111,1109,1113,1120,1137,1148,1153,1169,1173,1186,1186,1199,1212,1220,1234,1251,1266,1279
394669,"Hartford, CT",44,1207,1188,1180,1186,1192,1203,1215,1215,1213,1212,1211,1212,1215,1226,1226,1232,1233,1240,1243,1240,1237,1238,1236,1237,1243,1249,1248,1248,1257,1260,1262,1265,1263,1255,1256,1259,1258,1263,1270,1276,1284,1286,1288,1289,1284,1279,1277,1276,1283,1289,1292,1300,1309,1309,1314,1309,1308,1307,1313,1315,1320,1321,1326,1331,1331,1339,1343,1344,1338,1333,1332,1342,1349,1350,1350,1358,1353,1364,1371,1376,1391,1395,1406,1404,1414,1406,1425,1442,1465,1488,1504,1512,1535,1521,1550,1554,1532,1549,1577,1605,1628
395022,"Richmond, VA",45,,1048,1070,1066,1087,1099,1105,1102,1108,1101,1094,1100,1104,1102,1110,1119,1119,1114,1128,1136,1131,1128,1132,1124,1132,1131,1152,1156,1153,1156,1172,1162,1160,1155,1154,1153,1154,1163,1167,1182,1192,1195,1200,1195,1190,1190,1196,1198,1206,1207,1216,1229,1239,1244,1245,1241,1237,1237,1246,1244,1247,1253,1265,1276,1284,1285,1287,1292,1292,1287,1284,1292,1295,1302,1308,1298,1308,1310,1317,1322,1322,1325,1336,1337,1341,1346,1367,1383,1410,1438,1461,1458,1483,1497,1525,1536,1522,1536,1553,1569,1591
394910,"New Orleans, LA",46,1155,1126,1137,1123,1125,1127,1164,1162,1156,1130,1141,1155,1163,1156,1157,1155,1164,1174,1173,1172,1173,1177,1179,1191,1192,1182,1177,1180,1188,1184,1180,1180,1189,1194,1191,1205,1195,1205,1198,1197,1201,1200,1204,1211,1214,1216,1216,1216,1184,1189,1210,1216,1215,1215,1218,1215,1218,1225,1229,1211,1212,1214,1220,1223,1230,1228,1234,1234,1247,1246,1254,1251,1246,1250,1243,1240,1241,1239,1245,1239,1257,1265,1265,1275,1287,1285,1283,1299,1312,1300,1329,1355,1398,1402,1444,1501,1493,1523,1522,1522,1522
394425,"Buffalo, NY",47,859,788,828,845,848,856,868,850,863,875,864,866,870,881,893,897,920,892,905,915,917,908,912,915,921,911,921,931,936,937,933,941,941,942,939,941,960,966,965,963,966,973,974,972,966,969,974,982,979,987,991,995,1005,1008,1008,1008,1002,1002,1008,1012,1016,1025,1034,1034,1041,1039,1039,1035,1032,1040,1040,1041,1053,1061,1074,1067,1069,1078,1083,1093,1087,1090,1092,1094,1107,1119,1116,1134,1145,1158,1176,1187,1197,1200,1187,1205,1202,1229,1237,1247,1260
395012,"Raleigh, NC",48,1132,1128,1123,1135,1142,1153,1161,1162,1161,1157,1153,1148,1157,1163,1172,1179,1188,1197,1206,1206,1208,1203,1199,1191,1197,1204,1217,1226,1233,1241,1244,1247,1250,1248,1243,1237,1238,1244,1251,1260,1269,1281,1283,1281,1280,1279,1275,1275,1274,1279,1286,1297,1305,1313,1319,1324,1323,1317,1319,1316,1320,1332,1341,1347,1360,1372,1377,1378,1379,1377,1372,1377,1383,1380,1389,1380,1373,1381,1387,1392,1398,1398,1405,1407,1413,1419,1433,1456,1490,1530,1579,1616,1634,1649,1658,1668,1680,1691,1704,1720,1742
394388,"Birmingham, AL",49,955,962,960,960,959,967,969,981,978,975,968,975,977,982,983,989,989,991,996,998,1001,999,1001,1000,1000,1010,1005,1018,1011,1012,1016,1011,1017,1022,1012,1013,1017,1016,1021,1025,1028,1030,1038,1032,1050,1038,1041,1047,1045,1040,1049,1057,1062,1067,1059,1068,1065,1075,1078,1082,1090,1094,1101,1098,1102,1106,1109,1110,1117,1115,1114,1114,1114,1121,1144,1142,1136,1130,1145,1149,1166,1158,1169,1177,1182,1184,1188,1196,1210,1223,1251,1265,1271,1282,1302,1306,1310,1310,1322,1331,1343
395053,"Salt Lake City, UT",50,,1005,1010,1010,1025,1034,1041,1041,1029,1038,1031,1036,1042,1044,1046,1061,1067,1081,1081,1072,1080,1082,1084,1093,1096,1098,1108,1114,1119,1124,1125,1138,1142,1141,1143,1138,1140,1152,1160,1171,1182,1193,1191,1202,1210,1207,1194,1184,1196,1223,1232,1233,1244,1247,1259,1263,1269,1268,1262,1272,1277,1279,1287,1301,1309,1313,1323,1325,1328,1321,1318,1313,1321,1323,1335,1323,1319,1326,1331,1336,1347,1348,1342,1346,1350,1363,1385,1417,1460,1492,1515,1531,1548,1577,1588,1607,1616,1640,1665,1694,1712
395031,"Rochester, NY",51,,986,962,980,995,989,1006,1020,1023,1020,1004,1020,1012,1025,1032,1020,1031,1035,1043,1039,1056,1052,1049,1052,1059,1047,1051,1050,1061,1073,1069,1068,1073,1072,1061,1065,1067,1084,1080,1085,1093,1095,1100,1104,1101,1098,1095,1102,1113,1124,1119,1122,1128,1136,1136,1140,1134,1131,1128,1125,1135,1142,1143,1153,1164,1170,1170,1157,1151,1143,1152,1158,1166,1170,1180,1187,1178,1177,1190,1190,1192,1194,1208,1221,1234,1252,1265,1284,1305,1317,1334,1340,1338,1342,1342,1359,1337,1361,1392,1408,1431
394640,"Grand Rapids, MI",52,764,793,787,805,840,843,848,852,851,844,849,841,844,853,860,881,894,909,914,909,915,913,921,918,924,927,944,963,980,988,997,991,992,988,991,992,989,1005,1007,1013,1040,1054,1057,1054,1053,1047,1048,1039,1040,1050,1063,1080,1090,1098,1101,1104,1100,1097,1099,1099,1104,1107,1112,1123,1148,1152,1153,1147,1146,1152,1157,1149,1151,1159,1167,1173,1181,1192,1197,1191,1197,1206,1210,1213,1208,1219,1242,1257,1276,1299,1343,1357,1348,1322,1351,1373,1369,1381,1393,1420,1458
395167,"Tucson, AZ",53,946,960,958,957,961,965,967,965,964,962,965,961,963,967,969,974,975,981,986,982,983,988,978,983,988,994,998,1004,1010,1005,1008,1013,1014,1016,1013,1021,1024,1033,1042,1049,1058,1058,1060,1063,1064,1066,1068,1073,1077,1086,1087,1103,1107,1118,1125,1130,1130,1136,1141,1150,1153,1159,1166,1171,1182,1184,1191,1204,1198,1199,1210,1217,1226,1235,1233,1226,1231,1237,1248,1265,1282,1308,1313,1314,1319,1339,1363,1392,1410,1432,1453,1480,1510,1546,1560,1578,1580,1612,1624,1631,1632
753924,"Urban Honolulu, HI",54,1948,1986,1980,1970,2017,2041,2026,2047,2097,2104,2120,2158,2159,2151,2158,2155,2161,2164,2171,2191,2197,2190,2198,2201,2206,2186,2200,2206,2203,2216,2228,2228,2225,2211,2228,2220,2220,2224,2233,2248,2249,2238,2243,2250,2248,2248,2249,2247,2247,2261,2268,2268,2275,2288,2286,2288,2284,2283,2285,2286,2292,2295,2315,2324,2317,2311,2330,2329,2331,2336,2326,2327,2334,2353,2338,2324,2316,2308,2306,2314,2314,2297,2327,2337,2345,2376,2396,2444,2475,2442,2493,2519,2538,2561,2549,2582,2541,2560,2608,2622,2653
395169,"Tulsa, OK",55,907,923,915,908,920,924,939,940,932,937,939,942,932,944,941,942,964,957,960,979,966,963,964,960,959,948,955,957,966,969,973,973,963,994,986,984,972,968,972,976,977,983,981,980,974,978,982,975,981,986,983,982,988,994,997,999,999,999,995,991,998,1001,998,999,1117,,1046,1033,1029,1033,1035,1029,1034,1038,1042,1036,1030,1039,1052,1068,1069,1089,1101,1103,1097,1100,1118,1133,1147,1160,1196,1216,1224,1190,1266,1282,1272,1270,1274,1292,1317
394619,"Fresno, CA",56,1153,1183,1173,1177,1200,1190,1183,1187,1191,1194,1200,1201,1204,1208,1206,1217,1220,1226,1224,1218,1218,1228,1233,1236,1242,1252,1256,1259,1263,1273,1278,1281,1284,1274,1283,1287,1283,1291,1301,1308,1327,1337,1347,1350,1349,1355,1352,1367,1355,1367,1373,1388,1399,1402,1414,1414,1428,1431,1426,1449,1445,1460,1461,1472,1475,1487,1501,1502,1509,1515,1508,1526,1541,1551,1545,1531,1533,1543,1545,1564,1579,1590,1612,1621,1639,1668,1703,1746,1784,1823,1877,1911,1906,1896,1918,1905,1912,1921,1937,1960,1986
395238,"Worcester, MA",57,1085,1064,1080,1079,1091,1096,1105,1108,1118,1113,1116,1117,1116,1121,1128,1133,1138,1151,1153,1154,1154,1156,1158,1168,1169,1172,1177,1186,1202,1209,1212,1214,1216,1220,1217,1228,1228,1244,1245,1257,1266,1271,1266,1270,1272,1277,1274,1282,1293,1295,1309,1312,1314,1329,1350,1348,1358,1354,1351,1356,1359,1371,1373,1386,1395,1394,1408,1404,1416,1418,1425,1432,1443,1449,1440,1447,1435,1450,1460,1460,1474,1478,1480,1490,1485,1492,1503,1528,1562,1580,1600,1619,1626,1639,1678,1671,1666,1704,1732,1760,1788
394415,"Stamford, CT",58,1797,1813,1818,1847,1895,1936,1939,1927,1918,1916,1910,1938,1943,1933,1942,1949,1970,1969,1983,1976,1981,1965,1950,1961,1985,1974,1986,1979,2000,2005,2006,2004,2000,2003,1986,1980,1990,2030,2020,2028,2047,2039,2041,2044,2038,2039,2034,2023,2038,2036,2056,2072,2081,2099,2101,2098,2100,2090,2090,2092,2102,2109,2108,2126,2134,2144,2148,2157,2170,2165,2140,2139,2133,2161,2170,2177,2185,2197,2211,2220,2243,2264,2255,2246,2258,2278,2301,2349,2391,2427,2452,2473,2474,2466,2492,2469,2489,2507,2555,2601,2641
394312,"Albuquerque, NM",59,937,937,941,941,948,948,955,959,954,953,952,950,953,952,959,967,972,975,978,982,980,978,973,974,972,977,983,992,994,1001,1007,1009,1007,1008,1003,997,996,1008,1011,1015,1019,1027,1028,1029,1023,1022,1025,1024,1028,1032,1039,1045,1050,1054,1060,1065,1060,1061,1059,1066,1065,1069,1075,1080,1091,1100,1110,1113,1116,1114,1112,1112,1117,1127,1130,1124,1117,1140,1160,1172,1191,1197,1198,1196,1196,1212,1229,1256,1278,1311,1350,1393,1405,1404,1416,1432,1421,1440,1447,1464,1502
394308,"Albany, NY",60,1011,1040,1012,1045,1048,1045,1063,1085,1080,1087,1075,1086,1095,1091,1093,1090,1091,1096,1093,1091,1079,1098,1094,1089,1100,1099,1122,1121,1124,1123,1119,1123,1131,1127,1127,1159,1150,1152,1141,1150,1153,1156,1150,1148,1146,1132,1152,1141,1161,1171,1181,1179,1180,1177,1175,1177,1186,1186,1168,1191,1197,1185,1194,1190,1203,1201,1213,1213,1205,1211,1214,1223,1231,1225,1232,1259,1237,1235,1234,1237,1255,1267,1260,1262,1258,1237,1259,1297,1322,1332,1354,1350,1367,1367,1372,1383,1371,1388,1411,1403,1423
394938,"Omaha, NE",61,841,804,832,834,845,848,859,855,859,859,859,866,866,874,890,898,888,893,894,894,892,888,887,893,897,899,904,908,914,917,920,926,927,927,926,932,929,933,935,941,949,943,957,954,951,948,947,949,946,955,953,960,970,972,972,973,976,977,974,976,981,983,985,990,1000,1010,1012,1010,1008,1012,1014,1016,1018,1022,1035,1037,1045,1050,1056,1062,1057,1053,1052,1057,1057,1063,1072,1080,1097,1123,1136,1141,1144,1150,1155,1158,1155,1168,1181,1205,1221
394908,"New Haven, CT",62,1341,1360,1360,1374,1391,1403,1414,1404,1403,1391,1411,1413,1418,1419,1430,1440,1446,1441,1445,1441,1437,1431,1442,1422,1435,1456,1456,1476,1484,1486,1483,1475,1472,1466,1464,1466,1474,1475,1484,1500,1503,1509,1507,1517,1504,1502,1510,1513,1511,1518,1524,1537,1543,1543,1546,1544,1555,1543,1544,1555,1562,1563,1576,1585,1587,1580,1580,1580,1574,1591,1601,1603,1604,1620,1622,1625,1630,1634,1623,1628,1636,1658,1673,1665,1672,1672,1703,1708,1758,1795,1832,1831,1836,1863,1899,1894,1874,1883,1908,1954,1963
394357,"Bakersfield, CA",63,1070,1027,1046,1051,1062,1085,1080,1083,1082,1077,1081,1084,1078,1090,1100,1104,1103,1104,1105,1104,1106,1101,1100,1099,1096,1110,1102,1113,1113,1121,1129,1133,1133,1130,1132,1138,1134,1139,1149,1153,1157,1158,1164,1165,1170,1152,1160,1169,1181,1183,1188,1198,1204,1207,1211,1213,1218,1222,1223,1224,1239,1242,1264,1271,1273,1278,1277,1282,1286,1291,1294,1294,1305,1320,1306,1318,1318,1337,1362,1390,1391,1402,1405,1396,1433,1437,1445,1472,1486,1496,1531,1541,1594,1589,1629,1664,1688,1715,1719,1720,1768
394753,"Knoxville, TN",64,932,953,949,955,958,959,959,965,955,957,956,957,973,975,989,997,1000,985,989,989,975,967,965,969,968,989,993,1004,1020,1027,1029,1031,1019,1006,1014,1019,1018,1037,1042,1051,1055,1054,1064,1063,1065,1065,1065,1054,1069,1074,1081,1082,1100,1103,1111,1108,1118,1115,1114,1120,1136,1136,1151,1154,1160,1179,1172,1176,1178,1181,1180,1192,1191,1200,1188,1187,1191,1202,1215,1235,1244,1264,1265,1271,1277,1295,1293,1308,1354,1397,1430,1467,1495,1500,1502,1526,1530,1547,1578,1620,1647
394653,"Greenville, SC",65,970,1040,1024,1012,1004,992,995,997,996,995,978,979,983,984,1007,1020,1031,1037,1033,1031,1033,1036,1040,1040,1047,1056,1070,1089,1094,1088,1085,1086,1091,1079,1066,1074,1067,1076,1089,1099,1111,1116,1116,1118,1110,1102,1104,1103,1114,1120,1127,1141,1142,1150,1157,1152,1159,1156,1156,1154,1155,1165,1169,1175,1189,1192,1197,1189,1198,1191,1195,1196,1194,1209,1222,1213,1205,1205,1200,1209,1213,1213,1220,1228,1239,1238,1257,1273,1297,1327,1367,1385,1385,1405,1412,1407,1409,1415,1433,1448,1462
394952,"Ventura, CA",66,1875,1878,1848,1867,1884,1895,1918,1926,1936,1929,1944,1948,1955,1949,1973,2002,2013,2014,2026,2034,2040,2037,2039,2025,2033,2040,2068,2074,2085,2105,2123,2126,2127,2139,2149,2133,2143,2160,2185,2191,2202,2194,2203,2210,2222,2210,2216,2235,2237,2265,2272,2262,2284,2299,2307,2325,2313,2334,2341,2343,2339,2349,2370,2345,2368,2386,2388,2388,2385,2382,2390,2407,2420,2426,2419,2380,2393,2402,2415,2436,2449,2458,2487,2534,2542,2525,2569,2631,2653,2705,2737,2759,2824,2843,2849,2892,2886,2916,2949,2975,3011
394318,"Allentown, PA",67,1171,1196,1182,1189,1202,1215,1212,1212,1215,1215,1204,1210,1200,1202,1212,1228,1226,1232,1232,1238,1230,1236,1229,1239,1240,1239,1252,1255,1258,1263,1273,1264,1270,1273,1270,1262,1263,1272,1290,1295,1295,1301,1298,1310,1314,1314,1304,1300,1302,1311,1316,1328,1335,1338,1350,1348,1355,1341,1351,1357,1347,1364,1370,1376,1387,1389,1400,1401,1409,1399,1399,1399,1404,1411,1406,1407,1415,1423,1432,1446,1465,1484,1496,1500,1518,1523,1552,1569,1597,1641,1669,1688,1695,1711,1727,1754,1781,1786,1799,1817,1819
394367,"Baton Rouge, LA",69,1113,1126,1138,1112,1116,1111,1123,1132,1132,1136,1117,1112,1120,1134,1143,1181,1166,1152,1153,1142,1146,1143,1132,1141,1159,1155,1180,1176,1172,1184,1177,1176,1190,1196,1210,1210,1212,1212,1215,1213,1204,1204,1192,1186,1188,1197,1192,1201,1187,1192,1192,1205,1208,1203,1201,1198,1203,1205,1194,1188,1191,1188,1192,1200,1207,1210,1202,1202,1203,1198,1194,1176,1185,1181,1189,1192,1198,1197,1204,1214,1221,1212,1211,1210,1221,1226,1227,1244,1243,1259,1280,1296,1325,1329,1321,1334,1343,1352,1357,1369,1379
394521,"Dayton, OH",70,861,856,856,850,862,870,871,882,884,876,882,876,875,878,878,885,890,896,900,903,897,896,902,904,907,916,924,926,931,932,930,931,929,926,940,934,937,935,939,943,953,958,965,968,968,968,971,977,973,974,986,978,994,994,1006,1002,1002,1001,996,1006,1008,1011,1018,1024,1029,1027,1044,1047,1045,1054,1062,1060,1059,1064,1073,1065,1074,1079,1088,1095,1096,1100,1107,1114,1111,1124,1143,1142,1143,1164,1197,1211,1235,1241,1243,1236,1245,1262,1271,1259,1280
394843,"McAllen, TX",71,727,817,,768,766,776,772,788,794,795,794,783,793,783,801,800,797,799,797,801,806,798,800,809,813,814,802,808,808,809,816,801,809,830,818,811,810,833,821,818,812,813,820,820,823,828,847,833,825,839,832,832,829,828,825,831,832,840,840,843,847,844,843,839,845,839,846,859,853,853,858,857,858,854,859,862,862,865,870,876,871,882,885,884,892,901,905,920,931,930,947,949,966,979,980,983,978,1001,979,999,1022
394486,"Columbia, SC",72,,951,918,938,947,952,957,957,956,954,960,965,956,945,954,957,966,974,983,981,976,973,972,970,985,977,989,985,992,991,999,1005,1001,1002,1010,1002,1001,1006,1017,1017,1019,1026,1026,1029,1023,1029,1033,1031,1027,1039,1042,1051,1055,1058,1064,1067,1067,1069,1071,1069,1074,1083,1087,1101,1107,1113,1116,1114,1108,1107,1110,1107,1114,1123,1135,1132,1141,1149,1160,1156,1164,1171,1175,1175,1192,1197,1218,1230,1246,1279,1300,1319,1338,1349,1373,1373,1356,1359,1383,1395,1417
394648,"Greensboro, NC",73,873,904,891,891,889,886,895,894,889,891,888,888,891,890,901,912,917,916,921,921,917,907,895,899,914,914,908,919,928,926,934,938,938,925,938,939,968,956,955,959,962,970,972,971,974,971,961,967,973,985,987,991,990,990,1000,1007,1007,1008,1003,1009,1017,1024,1029,1036,1049,1050,1055,1056,1055,1056,1064,1062,1069,1074,1075,1079,1090,1093,1105,1106,1105,1121,1129,1140,1142,1165,1175,1184,1194,1218,1239,1257,1273,1303,1327,1334,1333,1358,1364,1379,1403
394304,"Akron, OH",74,842,811,808,824,835,855,834,843,851,855,849,857,862,859,869,875,873,884,882,881,877,879,885,888,891,887,885,888,893,899,899,897,899,904,908,902,896,895,904,911,920,917,918,915,918,913,912,910,914,913,926,932,933,936,940,932,931,932,932,936,942,947,955,948,953,962,951,961,968,968,979,974,984,979,984,984,993,998,998,1005,1000,1006,1011,1003,1038,1047,1043,1068,1080,1091,1105,1113,1107,1106,1132,1128,1106,1141,1160,1188,1191
753906,"North Port-Sarasota-Bradenton, FL",75,1237,1285,1274,1290,1288,1290,1305,1316,1319,1328,1342,1372,1378,1380,1377,1381,1379,1396,1402,1409,1413,1428,1439,1444,1462,1461,1478,1459,1446,1446,1451,1449,1461,1469,1492,1494,1501,1500,1512,1512,1498,1501,1494,1502,1511,1524,1529,1546,1548,1550,1553,1542,1545,1550,1563,1567,1583,1581,1594,1605,1613,1610,1602,1601,1604,1602,1621,1639,1637,1648,1665,1671,1677,1664,1650,1647,1632,1634,1654,1661,1673,1718,1739,1779,1774,1770,1791,1811,1856,1937,2020,2112,2167,2221,2292,2388,2377,2334,2319,2374,2375
394798,"Little Rock, AR",76,831,851,829,838,838,840,846,852,854,848,840,843,839,848,853,853,865,865,861,856,857,860,853,855,859,864,864,862,863,867,870,871,858,863,866,872,873,875,879,879,878,879,879,882,883,879,883,881,881,886,886,888,885,882,888,891,896,898,900,897,894,900,907,908,911,917,922,916,914,915,918,920,926,927,929,930,933,942,961,965,965,967,969,974,980,987,994,1010,1014,1031,1055,1080,1087,1081,1092,1097,1085,1092,1099,1099,1114
395134,"Stockton, CA",77,1273,1295,1283,1286,1299,1293,1312,1321,1338,1364,1346,1346,1337,1347,1366,1374,1387,1400,1400,1451,1447,1449,1440,1447,1450,1486,1492,1499,1505,1527,1537,1534,1562,1566,1557,1583,1591,1599,1605,1630,1639,1649,1669,1688,1697,1699,1687,1695,1705,1710,1722,1728,1745,1755,1784,1791,1795,1792,1799,1801,1801,1803,1814,1835,1843,1857,1874,1884,1878,1887,1877,1901,1935,1937,1933,1931,1937,1942,1967,1999,2002,2022,2023,2068,2084,2100,2143,2172,2240,2289,2317,2331,2349,2348,2314,2338,2350,2388,2392,2435,2450
394457,"Charleston, SC",78,1104,1139,1131,1173,1163,1160,1166,1168,1172,1166,1174,1174,1187,1205,1209,1215,1219,1229,1239,1231,1214,1225,1219,1220,1221,1245,1260,1268,1272,1287,1298,1290,1292,1292,1290,1290,1295,1299,1312,1322,1332,1341,1347,1345,1352,1350,1352,1344,1344,1357,1361,1371,1378,1388,1393,1394,1402,1401,1396,1389,1393,1402,1411,1419,1429,1439,1441,1435,1439,1443,1437,1442,1463,1463,1459,1458,1443,1445,1459,1463,1470,1461,1457,1475,1490,1483,1509,1535,1567,1604,1654,1710,1720,1736,1758,1760,1747,1755,1766,1811,1860
395143,"Syracuse, NY",79,898,890,903,914,930,934,952,966,960,948,925,924,935,926,951,949,977,985,981,977,970,966,968,985,987,987,993,1018,1021,1015,983,994,994,988,1014,1012,1014,1014,1015,1010,1026,1027,1023,1032,1022,1036,1059,1066,1056,1061,1044,1042,1054,1045,1043,1057,1041,1040,1040,1073,1060,1037,1048,1060,1060,1093,1078,1079,1080,1092,1091,1083,1101,1100,1088,1099,1128,1115,1124,1138,1134,1135,1146,1142,1155,1146,1164,1197,1201,1229,1242,1250,,1330,1291,1336,1278,1285,1321,1338,1364
394484,"Colorado Springs, CO",80,1032,1041,1049,1052,1061,1070,1076,1078,1078,1083,1085,1088,1091,1095,1097,1102,1112,1125,1131,1138,1135,1140,1141,1151,1153,1152,1166,1180,1190,1202,1205,1218,1223,1225,1226,1226,1237,1240,1251,1262,1271,1280,1286,1294,1294,1293,1300,1307,1315,1330,1336,1345,1350,1352,1359,1363,1362,1361,1362,1366,1375,1396,1406,1409,1417,1426,1431,1440,1440,1448,1445,1451,1465,1467,1472,1470,1470,1480,1493,1507,1520,1525,1533,1531,1541,1564,1584,1612,1644,1679,1724,1746,1748,1748,1756,1766,1768,1784,1804,1821,1846
395235,"Winston-Salem, NC",81,1036,1029,1031,1015,1015,1015,1020,1017,1017,1006,1015,1018,1020,1025,1034,1033,1038,1044,1048,1053,1051,1051,1048,1043,1047,1055,1071,1073,1075,1069,1079,1078,1078,1073,1078,1073,1079,1083,1094,1103,1110,1117,1112,1114,1121,1122,1120,1116,1128,1129,1139,1151,1153,1154,1158,1162,1168,1167,1170,1173,1182,1189,1198,1205,1216,1222,1232,1227,1227,1230,1228,1225,1247,1250,1254,1250,1256,1272,1276,1293,1303,1309,1320,1311,1332,1337,1359,1382,1411,1447,1467,1487,1499,1512,1533,1513,1534,1570,1571,1583,1616
395224,"Wichita, KS",82,,719,754,744,771,775,780,777,798,798,792,783,781,782,782,790,778,780,785,779,786,784,778,787,785,786,790,798,795,804,797,791,786,788,790,788,786,788,792,798,795,801,802,801,800,795,795,795,800,800,802,804,810,811,809,810,808,820,811,809,805,809,812,817,820,823,829,831,830,828,830,827,832,833,839,839,842,849,854,859,864,861,860,859,857,869,874,887,895,913,906,919,925,933,934,938,936,947,960,958,966
395115,"Springfield, MA",83,1114,1119,1100,1104,1125,1138,1143,1163,1148,1125,1139,1140,1143,1142,1141,1156,1155,1169,1172,1178,1177,1172,1171,1168,1170,1178,1191,1194,1216,1210,1225,1218,1216,1226,1213,1201,1196,1198,1210,1230,1231,1244,1239,1239,1258,1246,1246,1241,1246,1251,1262,1260,1266,1275,1302,1304,1306,1302,1305,1278,1287,1294,1307,1313,1317,1331,1334,1333,1321,1331,1327,1329,1345,1356,1352,1350,1359,1367,1372,1352,1367,1387,1372,1382,1396,1447,1455,1450,1454,1453,1480,1470,1460,1476,1505,1508,1518,1534,1544,1592,1577
394440,"Fort Myers, FL",84,999,990,995,998,1010,1014,1026,1036,1055,1066,1075,1085,1084,1090,1104,1129,1139,1144,1149,1176,1192,1194,1207,1209,1218,1216,1237,1227,1230,1243,1250,1254,1250,1259,1271,1274,1286,1283,1287,1286,1285,1287,1287,1291,1297,1305,1317,1327,1338,1337,1331,1327,1333,1338,1342,1357,1359,1363,1373,1381,1386,1380,1378,1382,1387,1395,1396,1399,1411,1416,1418,1420,1430,1443,1440,1425,1423,1428,1443,1452,1476,1486,1503,1506,1508,1515,1524,1543,1586,1637,1702,1790,1853,1890,1942,1976,1991,1998,2024,2047,2111
394399,"Boise City, ID",85,882,897,902,908,920,930,939,942,941,939,935,926,931,939,954,958,970,978,985,989,991,994,990,987,992,1001,1013,1026,1034,1046,1057,1064,1063,1064,1053,1053,1058,1065,1080,1102,1108,1119,1130,1136,1140,1139,1136,1139,1139,1153,1163,1163,1184,1207,1224,1227,1231,1225,1232,1234,1237,1244,1261,1273,1292,1309,1314,1316,1319,1314,1306,1308,1322,1324,1344,1335,1345,1353,1374,1388,1405,1413,1433,1458,1472,1504,1544,1583,1631,1681,1720,1741,1738,1713,1724,1721,1751,1755,1793,1816,1848
395160,"Toledo, OH",86,869,854,892,878,866,865,884,853,872,865,863,856,869,882,884,947,914,893,892,868,881,887,889,883,889,889,923,902,907,914,920,920,922,921,916,921,917,907,913,929,929,934,934,933,930,936,944,937,943,935,937,969,963,958,954,946,950,954,940,955,953,953,954,967,973,975,975,980,975,973,964,952,953,969,972,983,996,1003,1007,1005,1011,999,995,1011,1013,1024,1036,1057,1104,1115,1118,1139,1139,1134,1134,1145,1135,1148,1169,1186,1216
394816,"Madison, WI",87,1067,1039,1041,1037,1041,1050,1055,1059,1051,1067,1062,1065,1059,1062,1073,1085,1079,1092,1093,1102,1094,1096,1104,1120,1105,1120,1108,1113,1131,1127,1137,1130,1122,1126,1137,1134,1131,1136,1141,1144,1150,1148,1148,1157,1144,1153,1157,1148,1158,1155,1162,1164,1172,1178,1177,1172,1174,1184,1184,1183,1186,1194,1200,1207,1206,1208,1209,1201,1202,1200,1208,1218,1232,1235,1237,1241,1230,1229,1240,1240,1242,1233,1242,1248,1253,1257,1268,1272,1276,1279,1297,1294,1306,1319,1317,1322,1327,1326,1339,1357,1378
394766,"Lakeland, FL",88,992,1035,1012,1008,1015,1016,1048,1031,1030,1028,1028,1037,1039,1040,1045,1057,1062,1070,1074,1076,1059,1077,1086,1084,1084,1093,1085,1097,1116,1122,1125,1137,1139,1133,1140,1147,1148,1148,1154,1158,1172,1179,1177,1179,1184,1191,1208,1204,1190,1203,1224,1236,1250,1254,1264,1266,1274,1280,1282,1286,1292,1302,1312,1312,1315,1321,1331,1339,1342,1344,1348,1356,1360,1359,1364,1365,1379,1375,1381,1396,1403,1426,1432,1434,1442,1443,1466,1489,1521,1565,1602,1637,1688,1697,1724,1729,1738,1763,1812,1848,1864
394931,"Ogden, UT",89,933,987,969,971,978,979,986,991,990,989,988,986,992,1002,1008,1008,1017,1025,1029,1035,1039,1041,1042,1043,1047,1055,1058,1022,1054,1086,1089,1093,1097,1097,1105,1102,1119,1120,1126,1127,1132,1139,1144,1159,1163,1158,1159,1161,1166,1179,1193,1207,1202,1217,1225,1231,1224,1233,1242,1252,1254,1251,1270,1275,1285,1294,1296,1294,1293,1301,1302,1313,1312,1339,1333,1322,1333,1341,1352,1352,1344,1363,1386,1381,1403,1422,1434,1462,1499,1529,1573,1566,1588,1610,1613,1638,1648,1675,1676,1716,1733
394528,"Daytona Beach, FL",90,956,956,965,966,970,972,985,993,972,992,1007,1012,1022,1019,1027,1034,1034,1039,1058,1061,1065,1084,1081,1063,1080,1082,1090,1097,1116,1117,1122,1140,1137,1150,1156,1148,1153,1152,1139,1154,1172,1179,1193,1198,1193,1202,1210,1209,1213,1223,1236,1240,1254,1256,1261,1272,1272,1275,1281,1290,1291,1303,1314,1311,1318,1317,1324,1331,1337,1342,1341,1347,1354,1357,1368,1361,1355,1364,1375,1381,1398,1409,1413,1430,1437,1453,1472,1500,1510,1534,1590,1597,1632,1651,1686,1706,1729,1769,1803,1825,1849
394531,"Des Moines, IA",91,977,942,966,996,999,997,1010,996,995,1018,1030,1012,1012,1011,1030,1028,1025,1029,1025,1017,1002,1009,1006,996,990,987,1007,1016,1024,1033,1034,1035,1023,1029,1033,1023,1028,1026,1039,1040,1049,1051,1063,1054,1043,1045,1033,1035,1020,1031,1041,1051,1056,1064,1078,1072,1064,1058,1051,1055,1059,1049,1049,1063,1072,1078,1088,1086,1087,1084,1084,1078,1079,1083,1088,1072,1079,1089,1101,1109,1107,1108,1108,1099,1100,1100,1121,1121,1130,1137,1144,1154,1165,1170,1167,1170,1170,1183,1185,1199,1216
394711,"Jackson, MS",92,1099,1071,1077,1066,1078,1087,1080,1078,1078,1085,1085,1085,1072,1084,1091,1099,1096,1062,1082,1092,1097,1098,1103,1101,1108,1150,1132,1121,1114,1123,1119,1118,1116,1112,1108,1126,1130,1126,1122,1126,1126,1131,1133,1129,1134,1131,1126,1129,1135,1140,1148,1145,1146,1121,1134,1140,1142,1145,1156,1147,1155,1155,1157,1151,1155,1161,1162,1160,1149,1156,1170,1177,1185,1176,1192,1190,1188,1180,1180,1197,1200,1207,1211,1205,1206,1212,1224,1230,1256,1281,1302,1294,1289,1296,1303,1303,1306,1324,1350,1351,1372
395245,"Youngstown, OH",93,617,638,616,621,634,624,611,619,631,642,640,629,632,634,642,643,643,616,616,630,635,641,643,648,647,641,645,625,637,644,649,655,653,660,656,650,659,655,661,660,661,669,668,679,669,667,669,662,665,669,675,671,678,682,683,704,700,698,691,700,696,697,701,695,695,701,703,702,695,704,708,705,713,725,728,730,734,729,733,724,749,739,757,747,764,776,777,792,791,815,819,863,836,843,853,878,891,884,885,879,870
394352,"Augusta, GA",94,915,951,935,924,922,919,916,912,913,923,924,923,922,919,920,925,935,946,946,939,942,942,943,941,935,948,948,951,957,963,964,960,962,967,959,960,958,956,967,973,979,980,981,985,987,991,992,991,995,988,1004,1004,1011,1015,1011,1012,1013,1018,1014,1018,1021,1026,1033,1045,1055,1058,1055,1062,1062,1060,1060,1061,1062,1068,1074,1080,1086,1094,1114,1124,1135,1135,1148,1154,1157,1148,1155,1184,1194,1221,1250,1264,1266,1284,1293,1293,1296,1326,1339,1324,1336
395075,"Scranton, PA",95,831,856,853,852,864,890,892,879,878,878,880,867,865,862,868,871,875,871,881,877,882,891,892,888,849,864,892,930,908,886,891,904,901,916,906,895,905,909,936,926,917,912,908,916,922,915,923,942,899,917,931,933,929,937,931,941,937,957,952,944,946,951,947,956,960,980,974,979,980,989,1000,994,980,988,993,980,997,1002,1003,1006,1023,1035,1040,1063,1062,1055,1057,1086,1110,1130,1146,1159,1185,1183,1190,1169,1178,1188,1209,1238,1235
394666,"Harrisburg, PA",96,989,1001,982,969,968,963,961,934,949,932,955,961,958,967,981,987,986,979,976,978,980,981,971,982,983,973,981,997,1007,1012,1022,1006,1006,1001,1013,999,1003,1003,1003,1019,1023,1019,1023,1022,1018,1026,1016,1019,1018,1015,1026,1035,1045,1047,1048,1054,1060,1065,1075,1072,1077,1074,1084,1087,1090,1094,1098,1102,1109,1111,1109,1098,1108,1109,1102,1098,1093,1111,1117,1134,1131,1134,1136,1141,1155,1162,1162,1185,1207,1241,1255,1276,1300,,1285,1302,1314,1323,1338,1355,1357
394957,"Melbourne, FL",97,956,980,965,970,976,984,997,983,996,999,1005,1015,1023,1027,1033,1043,1041,1052,1065,1086,1085,1084,1093,1103,1109,1118,1118,1125,1127,1146,1148,1154,1167,1170,1182,1190,1192,1202,1211,1208,1213,1225,1233,1238,1250,1260,1262,1263,1274,1279,1286,1299,1313,1321,1325,1335,1336,1331,1345,1346,1351,1355,1365,1366,1372,1374,1377,1383,1390,1390,1394,1406,1410,1441,1444,1430,1419,1425,1434,1449,1459,1461,1476,1486,1506,1514,1532,1562,1594,1624,1671,1728,1769,1777,1811,1826,1848,1854,1890,1916,1943
395113,"Spokane, WA",99,924,1003,972,934,937,929,913,913,890,901,906,887,911,916,910,948,947,948,946,946,948,947,965,974,979,982,993,994,986,992,984,985,1005,1003,997,1001,998,1013,1020,989,1021,1036,1045,1040,1049,1054,1057,1033,1046,1052,1069,1078,1094,1106,1090,1108,1105,1106,1108,1101,1106,1108,1124,1138,1154,1162,1167,1158,1170,1171,1146,1134,1152,1171,1193,1189,1195,1194,1210,1216,1245,1253,1240,1244,1252,1288,1301,1343,1413,1458,1488,1503,1493,1490,1486,1469,1387,1448,1500,1517,1553
395006,"Provo, UT",100,1014,1042,1036,1028,1039,1069,1071,1054,1068,1074,1063,1072,1080,1079,1101,1085,1094,1110,1113,1099,1116,1125,1129,1127,1148,1132,1138,1141,1151,1184,1183,1186,1182,1188,1192,1179,1183,1199,1199,1202,1223,1228,1237,1243,1228,1228,1233,1238,1253,1257,1255,1274,1275,1290,1303,1305,1298,1299,1296,1300,1312,1311,1314,1316,1341,1347,1349,1356,1356,1343,1344,1342,1344,1349,1350,1359,1367,1378,1391,1391,1375,1408,1417,1423,1450,1461,1478,1495,1519,1547,1586,1608,1621,1683,1674,1673,1683,1707,1721,1745,1775
394549,"Durham, NC",104,1106,1067,1095,1124,1134,1130,1143,1136,1139,1135,1120,1132,1132,1132,1146,1149,1159,1162,1182,1177,1169,1166,1162,1167,1181,1186,1193,1210,1202,1212,1216,1212,1214,1244,1236,1226,1227,1227,1233,1243,1251,1245,1257,1260,1250,1258,1263,1256,1247,1245,1259,1270,1287,1292,1291,1291,1293,1298,1302,1300,1304,1305,1317,1323,1340,1350,1359,1358,1358,1352,1359,1348,1349,1342,1351,1340,1359,1363,1361,1362,1364,1369,1368,1378,1396,1380,1357,1380,1427,1468,1500,1523,1552,1571,1579,1603,1601,1613,1625,1637,1663
394995,"Port St. Lucie, FL",119,1087,1016,1066,1079,1110,1101,1122,1134,1139,1145,1150,1164,1174,1177,1124,1132,1173,1185,1193,1202,1222,1212,1230,1233,1245,1257,1259,1264,1278,1282,1289,1291,1302,1302,1303,1309,1321,1330,1324,1335,1336,1359,1365,1377,1378,1382,1389,1394,1395,1414,1417,1416,1437,1447,1466,1464,1464,1469,1469,1494,1491,1488,1482,1483,1482,1485,1503,1523,1520,1542,1553,1556,1560,1592,1568,1550,1549,1542,1563,1586,1622,1662,1672,1681,1683,1728,1713,1764,1798,1851,1899,1927,1991,2070,2165,2169,2204,2151,2182,2217,2233
394746,"Killeen, TX",128,908,903,913,913,919,922,927,929,928,928,928,925,926,931,930,932,931,934,935,940,939,935,929,928,933,936,939,941,943,943,948,945,942,943,945,944,944,951,953,954,957,958,956,958,957,959,962,962,965,968,972,972,975,978,979,983,985,989,993,992,994,1002,1010,1021,1026,1032,1036,1038,1036,1038,1039,1038,1042,1048,1045,1049,1058,1071,1084,1100,1115,1128,1138,1143,1144,1155,1165,1197,1224,1265,1302,1334,1344,1379,1387,1404,1394,1395,1407,1428,1437
394602,"Fort Collins, CO",159,1215,1248,1238,1245,1250,1252,1262,1258,1290,1298,1275,1285,1290,1325,1332,1334,1347,1365,1372,1363,1363,1369,1359,1356,1349,1355,1376,1388,1406,1425,1427,1418,1401,1388,1380,1390,1381,1416,1420,1431,1430,1428,1435,1433,1433,1430,1433,1435,1407,1426,1454,1466,1481,1484,1484,1484,1474,1477,1465,1473,1475,1498,1511,1518,1520,1529,1528,1522,1522,1512,1512,1507,1525,1539,1548,1547,1549,1559,1560,1549,1536,1532,1536,1544,1538,1564,1587,1609,1628,1655,1679,1695,1698,1723,1724,1743,1740,1764,1776,1790,1818
394405,"Boulder, CO",162,1435,1468,1435,1422,1436,1471,1484,1492,1513,1506,1481,1476,1509,1527,1555,1561,1571,1583,1590,1622,1644,1633,1609,1631,1643,1647,1663,1667,1674,1670,1678,1671,1677,1660,1669,1646,1649,1676,1680,1689,1692,1699,1710,1713,1709,1699,1710,1722,1727,1724,1731,1729,1749,1775,1790,1785,1778,1781,1770,1771,1782,1790,1801,1814,1829,1825,1830,1833,1829,1848,1841,1830,1831,1837,1859,1835,1829,1831,1841,1837,1846,1855,1852,1866,1878,1892,1910,1932,1955,1983,2010,2037,2043,2045,2050,2073,2099,2115,2152,2171,2181
394483,"College Station, TX",192,1024,1069,1046,1059,1063,1074,1077,1081,1103,1078,1049,1079,1082,1096,1110,1124,1144,1160,1156,1145,1105,1109,1151,1158,1163,1176,1168,1177,1177,1201,1178,1154,1127,1156,1166,1192,1209,1210,1216,1214,1210,1201,1183,1159,1156,1160,1182,1182,1207,1212,1208,1203,1198,1193,1181,1152,1178,1200,1178,1203,1210,1217,1225,1219,1217,1204,1211,1214,1220,1228,1239,1240,1242,1245,1239,1244,1245,1238,1217,1206,1238,1266,1277,1281,1299,1278,1278,1281,1267,1276,1298,1316,1288,1307,1350,1365,1374,1389,1402,1409,1410
394623,"Gainesville, GA",229,874,912,926,917,918,923,915,922,913,925,911,925,922,937,953,960,963,964,973,981,997,985,1013,990,989,974,998,996,996,996,1030,1034,1062,1045,1051,1049,1051,1056,1043,1046,1064,1076,1098,1100,1095,1089,1087,1105,1112,1107,1112,1122,1119,1119,1126,1128,1139,1153,1150,1151,1166,1177,1179,1195,1190,1186,1193,1220,1227,1216,1219,1214,1223,1223,1215,1203,1203,1223,1215,1227,1259,1245,1258,1286,1290,1316,1308,1356,,1445,1479,1531,1509,1507,1536,1558,1572,1574,1585,1578,1598
395098,"Sierra Vista, AZ",309,823,866,848,839,845,853,853,835,838,845,843,843,837,838,838,842,838,838,836,842,842,839,860,846,838,837,834,832,831,831,835,835,825,827,825,819,819,820,808,824,830,837,853,847,841,840,849,839,840,841,846,851,865,867,873,869,875,887,884,893,888,889,899,909,919,914,916,890,921,924,938,940,948,964,959,974,970,965,973,972,980,998,1012,1021,1010,1034,1036,1029,1096,1129,1141,1114,1176,1237,1231,1213,1122,1166,,1308,1291
395080,"Sebring, FL",382,651,701,,751,743,743,756,726,736,755,,760,782,793,820,800,794,810,824,809,833,856,853,890,872,752,,772,832,840,824,852,859,902,929,921,918,901,876,887,910,909,909,935,944,956,930,947,1005,997,959,967,928,941,943,954,947,962,993,990,995,987,988,997,975,937,964,984,993,995,1014,1028,1026,1037,1037,1024,1023,1033,1053,1049,1065,1069,1082,1136,1129,1119,1127,1134,1148,1164,1174,1183,1239,1235,1277,1287,1292,1290,1309,1346,1366
